{
  "name": "Kantinho Delícia Premium",
  "short_name": "Kantinho",
  "description": "Pizzaria Premium e Entrega em Cabo Verde",
  "start_url": "./index.html",
  "display": "standalone",
  "background_color": "#020617",
  "theme_color": "#dc2626",
  "orientation": "portrait",
  "categories": [
    "food",
    "lifestyle"
  ],
  "icons": [
    {
      "src": "logo.png",
      "sizes": "192x192",
      "type": "image/png",
      "purpose": "any"
    },
    {
      "src": "logo.png",
      "sizes": "512x512",
      "type": "image/png",
      "purpose": "maskable"
    }
  ],
  "shortcuts": [
    {
      "name": "Ver Menu",
      "url": "/?tab=PIZZAS",
      "icons": [
        {
          "src": "logo.png",
          "sizes": "192x192"
        }
      ]
    },
    {
      "name": "Fazer Pedido",
      "url": "/?openCart=true",
      "icons": [
        {
          "src": "logo.png",
          "sizes": "192x192"
        }
      ]
    }
  ]
}